sample_id,malignancy
CMT-002-tumor,tumor
CMT-003-tumor,tumor
CMT-008-normal,normal
CMT-008-tumor,tumor
CMT-009-tumor,tumor
CMT-013-normal,normal
CMT-013-tumor,tumor
CMT-017-normal,normal
CMT-017-tumor,tumor
CMT-021-tumor,tumor
CMT-031-tumor,tumor
CMT-051-normal,normal
CMT-051-tumor,tumor
CMT-053-normal,normal
CMT-053-tumor,tumor
CMT-057-tumor,tumor
CMT-060-tumor,tumor
CMT-063-tumor,tumor
CMT-070-tumor,tumor
CMT-072-normal,normal
CMT-072-tumor,tumor
CMT-074-normal,normal
CMT-074-tumor,tumor
CMT-077-tumor,tumor
CMT-091-normal,normal
CMT-091-tumor,tumor
CMT-092-tumor,tumor
CMT-096-tumor,tumor
CMT-097-tumor,tumor
CMT-099-tumor,tumor
CMT-100-tumor,tumor
CMT-102-tumor,tumor
CMT-103-normal,normal
CMT-103-tumor,tumor
CMT-105-normal,normal
CMT-105-tumor,tumor
CMT-106-tumor,tumor
CMT-107-normal,normal
CMT-107-tumor,tumor
CMT-109-tumor,tumor
CMT-111-tumor,tumor
CMT-112-tumor,tumor
CMT-118-tumor,tumor
CMT-121-normal,normal
CMT-121-tumor,tumor
CMT-124-tumor,tumor
CMT-128-tumor,tumor
CMT-129-tumor,tumor
CMT-136-tumor,tumor
CMT-142-tumor,tumor
CMT-147-tumor,tumor
CMT-148-tumor,tumor
CMT-149-normal,normal
CMT-149-tumor,tumor
CMT-153-tumor,tumor
CMT-156-tumor,tumor
CMT-157-tumor,tumor
CMT-158-tumor,tumor
CMT-159-tumor,tumor
CMT-162-normal,normal
CMT-162-tumor,tumor
CMT-169-normal,normal
CMT-169-tumor,tumor
CMT-173-tumor,tumor
CMT-183-tumor,tumor
CMT-184-normal,normal
CMT-184-tumor,tumor
CMT-187-tumor,tumor
CMT-188-normal,normal
CMT-188-tumor,tumor
CMT-190-tumor,tumor
CMT-193-normal,normal
CMT-193-tumor,tumor
CMT-197-normal,normal
CMT-197-tumor,tumor
CMT-201-normal,normal
CMT-201-tumor,tumor
CMT-203-tumor,tumor
CMT-206-normal,normal
CMT-206-tumor,tumor
CMT-207-tumor,tumor
CMT-210-normal,normal
CMT-210-tumor,tumor
CMT-215-tumor,tumor
CMT-217-normal,normal
CMT-217-tumor,tumor
CMT-227-tumor,tumor
CMT-231-normal,normal
CMT-231-tumor,tumor
CMT-232-normal,normal
CMT-232-tumor,tumor
CMT-233-tumor,tumor
CMT-234-tumor,tumor
CMT-241-normal,normal
CMT-241-tumor,tumor
CMT-242-normal,normal
CMT-242-tumor,tumor
CMT-245-tumor,tumor
CMT-247-tumor,tumor
CMT-250-tumor,tumor
CMT-252-tumor,tumor
CMT-257-tumor,tumor
CMT-259-tumor,tumor
CMT-262-tumor,tumor
CMT-263-tumor,tumor
CMT-271-tumor,tumor
CMT-272-normal,normal
CMT-272-tumor,tumor
CMT-278-normal,normal
CMT-278-tumor,tumor
CMT-290-normal,normal
CMT-290-tumor,tumor
CMT-292-tumor,tumor
CMT-292-normal,normal
CMT-301-normal,normal
CMT-301-tumor,tumor
CMT-306-tumor,tumor
CMT-307-tumor,tumor
CMT-308-normal,normal
CMT-308-tumor,tumor
CMT-317-tumor,tumor
CMT-318-tumor,tumor
CMT-321-normal,normal
CMT-321-tumor,tumor
CMT-332-tumor,tumor
CMT-336-tumor,tumor
CMT-340-normal,normal
CMT-340-tumor,tumor
CMT-344-normal,normal
CMT-344-tumor,tumor
CMT-346-tumor,tumor
CMT-348-normal,normal
CMT-348-tumor,tumor
CMT-351-tumor,tumor
CMT-354-tumor,tumor
CMT-355-normal,normal
CMT-355-tumor,tumor
CMT-360-tumor,tumor
CMT-365-tumor,tumor
CMT-374-normal,normal
CMT-374-tumor,tumor
CMT-377-normal,normal
CMT-377-tumor,tumor
CMT-381-tumor,tumor
CMT-392-tumor,tumor
CMT-400-tumor,tumor
CMT-402-tumor,tumor
CMT-407-tumor,tumor
CMT-414-tumor,tumor
CMT-417-normal,normal
CMT-417-tumor,tumor
CMT-435-normal,normal
CMT-435-tumor,tumor
CMT-436-tumor,tumor
CMT-439-tumor,tumor
CMT-439-normal,normal
CMT-440-tumor,tumor
CMT-442-tumor,tumor
CMT-452-tumor,tumor
CMT-456-tumor,tumor
CMT-458-normal,normal
CMT-458-tumor,tumor
CMT-459-tumor,tumor
CMT-471-tumor,tumor
CMT-476-tumor,tumor
CMT-480-normal,normal
CMT-480-tumor,tumor
CMT-493-tumor,tumor
CMT-495-tumor,tumor
CMT-496-tumor,tumor
CMT-505-tumor,tumor
CMT-522-tumor,tumor
CMT-523-normal,normal
CMT-523-tumor,tumor
CMT-538-normal,normal
CMT-538-tumor,tumor
CMT-577-tumor,tumor
CMT-581-normal,normal
CMT-581-tumor,tumor
CMT-586-normal,normal
CMT-586-tumor,tumor
CMT-603-tumor,tumor
CMT-606-normal,normal
CMT-606-tumor,tumor
CMT-613-normal,normal
CMT-613-tumor,tumor
CMT-632-tumor,tumor
CMT-634-tumor,tumor
CMT-644-normal,normal
CMT-644-tumor,tumor
CMT-651-normal,normal
CMT-651-tumor,tumor
CMT-659-tumor,tumor
CMT-660-tumor,tumor
CMT-667-normal,normal
CMT-667-tumor,tumor
CMT-678-normal,normal
CMT-678-tumor,tumor
CMT-685-normal,normal
CMT-685-tumor,tumor
CMT-686-tumor,tumor
CMT-688-normal,normal
CMT-688-tumor,tumor
CMT-695-tumor,tumor
CMT-719-normal,normal
CMT-719-tumor,tumor
CMT-724-normal,normal
CMT-724-tumor,tumor
CMT-725-normal,normal
CMT-725-tumor,tumor
CMT-730-tumor,tumor
CMT-743-normal,normal
CMT-743-tumor,tumor
CMT-755-tumor,tumor
CMT-756-normal,normal
CMT-756-tumor,tumor
CMT-771-tumor,tumor
CMT-774-tumor,tumor
CMT-776-normal,normal
CMT-776-tumor,tumor
CMT-785-normal,normal
CMT-785-tumor,tumor
